<!--Contains the "Blueprint" for each gameobject. -->
<root>
  <gravityInverter>
    <ComponentRenderAnimation texture="GravityInverter1" cols="24" width="32" height="32" layer="4" start="normal">
      <animation type="normal" framesizex="64" framesizey="64" idleindex ="0" startindex="0" endindex="0" speed="2"/>
    </ComponentRenderAnimation>
    <ComponentPhysic bodyType="static">
      <fixture isSensor="1">
        <rectangle width="32" height="32" x="0" y="0"/>
      </fixture>
    </ComponentPhysic>
    <ComponentGravityInvert gravityScale="-1"/>
  </gravityInverter>
  
  <gravityReverter>
    <ComponentRenderAnimation texture="GravityInverter2" cols="1" width="32" height="32" layer="4" start="normal">
      <animation type="normal" framesizex="64" framesizey="64" idleindex ="0" startindex="0" endindex="0" speed="2"/>
    </ComponentRenderAnimation>
    <ComponentPhysic bodyType="static">
      <fixture isSensor="1">
       <rectangle width="32" height="32" x="0" y="0"/>
      </fixture>
    </ComponentPhysic>
    <ComponentGravityInvert gravityScale="1"/>
  </gravityReverter>
  
  <boostUp>
    <ComponentRenderAnimation texture="Boost" cols="2" width="32" height="32" layer="4" start="normal">
      <animation type="normal" framesizex="64" framesizey="64" idleindex ="0" startindex="0" endindex="0" speed="2"/>
      <animation type="glow" framesizex="64" framesizey="64" idleindex ="1" startindex="1" endindex="1" speed="2"/>
    </ComponentRenderAnimation>
    <ComponentBoost x="0" y="-1"/>
    <ComponentPhysic bodyType="static">
      <fixture isSensor="1">
        <rectangle width="32" height="32" x="0" y="0"/>
      </fixture>
    </ComponentPhysic>
  </boostUp>
  
  <boostDown>
    <ComponentRenderAnimation texture="Boost" cols="2" width="32" height="32" layer="4" start="normal">
      <animation type="normal" framesizex="64" framesizey="64" idleindex ="4" startindex="4" endindex="4" speed="2"/>
      <animation type="glow" framesizex="64" framesizey="64" idleindex ="5" startindex="5" endindex="5" speed="2"/>
    </ComponentRenderAnimation>
    <ComponentBoost x="0" y="1"/>
    <ComponentPhysic bodyType="static">
      <fixture isSensor="1">
        <rectangle width="32" height="32" x="0" y="0"/>
      </fixture>
    </ComponentPhysic>
  </boostDown>
    
    <boostLeft>
    <ComponentRenderAnimation texture="Boost" cols="2" width="32" height="32" layer="4" start="normal">
      <animation type="normal" framesizex="64" framesizey="64" idleindex ="2" startindex="2" endindex="2" speed="2"/>
      <animation type="glow" framesizex="64" framesizey="64" idleindex ="3" startindex="3" endindex="3" speed="2"/>
    </ComponentRenderAnimation>
    <ComponentBoost x="-1" y="0"/>
    <ComponentPhysic bodyType="static">
      <fixture isSensor="1">
        <rectangle width="32" height="32" x="0" y="0"/>
      </fixture>
    </ComponentPhysic>
  </boostLeft>
  
  <boostRight>
    <ComponentRenderAnimation texture="Boost" cols="2" width="32" height="32" layer="4" start="normal">
      <animation type="normal" framesizex="64" framesizey="64" idleindex ="6" startindex="6" endindex="6" speed="2"/>
      <animation type="glow" framesizex="64" framesizey="64" idleindex ="7" startindex="7" endindex="7" speed="2"/>
    </ComponentRenderAnimation>
    <ComponentBoost x="1" y="0"/>
    <ComponentPhysic bodyType="static">
      <fixture isSensor="1">
        <rectangle width="32" height="32" x="0" y="0"/>
      </fixture>
    </ComponentPhysic>
  </boostRight>
  
  <cameraTop type="camera">
    <ComponentPhysic bodyType="kinematic" >
      <fixture friction="0" restitution="0.0" density="2" isSensor="0" mask="3">
        <polyline x="-500" y="-200" loop="1">
          <vertex x ="0" y="0"/>
          <vertex x ="1000" y="0"/>
          <vertex x ="1000" y="400"/>
          <vertex x ="0" y="400"/>
        </polyline>
      </fixture>
    </ComponentPhysic>
    <ComponentCamaraTracking>
      <tracking id="player1"/>
      <tracking id="player2"/>
    </ComponentCamaraTracking>
    <ComponentRenderCamera width="1000" height="400" layer="-10">
      <ViewPort height ="0.495" width="1" x="0.0" y="0.0"/>
    </ComponentRenderCamera>
  </cameraTop>
  
  <cameraBottom type="camera">
    <ComponentPhysic bodyType="kinematic" >
      <fixture friction="0" restitution="0.0" density="2" isSensor="0" mask="3">
        <polyline x="-500" y="-200" loop="1">
          <vertex x ="0" y="0"/>
          <vertex x ="1000" y="0"/>
          <vertex x ="1000" y="400"/>
          <vertex x ="0" y="400"/>
        </polyline>
      </fixture>
    </ComponentPhysic>
    <ComponentCamaraTracking>
	  <tracking id="player2"/> 
      <tracking id="player1"/>                     
    </ComponentCamaraTracking>
   <ComponentRenderCamera width="1000" height="400" layer="-10">
      <ViewPort height ="0.495" width="1" x="0" y="0.505"/>
    </ComponentRenderCamera>
  </cameraBottom>
  
  <cameraLeft type="camera">
    <ComponentPhysic bodyType="kinematic" >
      <fixture friction="0" restitution="0.0" density="2" isSensor="0" mask="3">
        <polyline x="-250" y="-400" loop="1">
          <vertex x ="0" y="0"/>
          <vertex x ="500" y="0"/>
          <vertex x ="500" y="800"/>
          <vertex x ="0" y="800"/>
        </polyline>
      </fixture>
    </ComponentPhysic>
    <ComponentCamaraTracking>
      <tracking id="player1"/>
      <tracking id="player2"/>
    </ComponentCamaraTracking>
    <ComponentRenderCamera width="500" height="800" layer="-10">
      <ViewPort height ="1" width="0.5" x="0.0" y="0.0"/>
    </ComponentRenderCamera>
  </cameraLeft>  
  
  <cameraRight type="camera">
    <ComponentPhysic bodyType="kinematic" >
      <fixture friction="0" restitution="0.0" density="2" isSensor="0" mask="3">
        <polyline x="-250" y="-400" loop="1">
          <vertex x ="0" y="0"/>
          <vertex x ="500" y="0"/>
          <vertex x ="500" y="800"/>
          <vertex x ="0" y="800"/>
        </polyline>
      </fixture>
    </ComponentPhysic>
    <ComponentCamaraTracking>
		<tracking id="player2"/>
      <tracking id="player1"/>     
    </ComponentCamaraTracking>
    <ComponentRenderCamera width="500" height="800" layer="-10">
      <ViewPort height ="1" width="0.5" x="0.5" y="0.0"/>
    </ComponentRenderCamera>
  </cameraRight>    
  
  
  <cage>
    <ComponentPhysic vx="0" vy ="0" vrot="0" fixrot ="0" bullet="0" bodyType="static" gravityScale="0" >
      <fixture friction="0" restitution="0.0" density="2" isSensor="0" mask="3">
        <polyline x="-200" y="-200" loop="1">
          <vertex x ="0" y="0"/>
          <vertex x ="400" y="0"/>
          <vertex x ="400" y="400"/>
          <vertex x ="0" y="400"/>

          <vertex x ="0" y="300"/>
          <vertex x ="200" y="300"/>
          <vertex x ="200" y="200"/>
          <vertex x ="0" y="200"/>
        </polyline>
      </fixture>
    </ComponentPhysic> 
  </cage>  
  
  <player1 id="player1">
    <ComponentInfluence id="player2" />
    <ComponentInput keybinding ="player1"/>
    <!--<ComponentRenderStatic texture="red" width="20" height="20" layer="3"/>-->
    <ComponentPhysic vx="0" vy ="0" vrot="0" fixrot ="0" bullet="0" bodyType="dynamic" gravityScale="1" linearDamping="0.0" >
      <fixture friction="0.2" restitution="0.0" density="0.03" isSensor="0">
        <circle radius="13" x="0" y="0"/>
      </fixture>
    </ComponentPhysic>
    
    <ComponentRenderAnimation texture="CharacterAnimations" cols="24" width="32" height="32" layer="4" start="run">
      <animation type="jump" framesizex="32" framesizey="32" idleindex ="11" startindex="0" endindex="11" speed="1"/>
      <animation type="land" framesizex="32" framesizey="32" idleindex ="23" startindex="12" endindex="23" speed="0.5"/>
      <animation type="run" framesizex="32" framesizey="32" idleindex ="48" startindex="48" endindex="71" speed="4"/>
      <animation type="walk" framesizex="32" framesizey="32" idleindex ="96" startindex="96" endindex="119" speed="5"/>
    </ComponentRenderAnimation>
    
    <ComponentSound>
      <effect type="jump" pitch="1.5"/>
    </ComponentSound>

  </player1>
  
  <player2 id="player2">
    <ComponentInfluence id="player1" />
    <ComponentInput keybinding ="player2"/>
    <!--<ComponentRenderStatic texture="blue" width="20" height="20" layer="3"/>-->
    <ComponentPhysic vx="0" vy ="0" vrot="0" fixrot ="0" bullet="0" bodyType="dynamic" gravityScale="1" linearDamping="0.0" >
      <fixture friction="0.2" restitution="0.0" density="0.03" isSensor="0">
        <circle radius="13" x="0" y="0"/>
      </fixture>
    </ComponentPhysic>

    <ComponentRenderAnimation texture="CharacterAnimations" cols="24" width="32" height="32" layer="4" start="run">
      <animation type="jump" framesizex="32" framesizey="32" idleindex ="155" startindex="144" endindex="155" speed="1"/>
      <animation type="land" framesizex="32" framesizey="32" idleindex ="167" startindex="156" endindex="167" speed="0.5"/>
      <animation type="run" framesizex="32" framesizey="32" idleindex ="192" startindex="192" endindex="215" speed="4"/>
      <animation type="walk" framesizex="32" framesizey="32" idleindex ="240" startindex="240" endindex="263" speed="5"/>
    </ComponentRenderAnimation>

    <ComponentSound>
      <effect type="jump" pitch="1.5"/>
    </ComponentSound>
  </player2>
  <goal>
    <ComponentGoal/>
    <ComponentRenderAnimation texture="PoleAnimation" cols="24" width="64" height="64" layer="4" start="off">
      <animation type="off" framesizex="64" framesizey="64" idleindex ="1" startindex="1" endindex="1" speed="0.5"/>
      <animation type="on" framesizex="64" framesizey="64" idleindex ="0" startindex="0" endindex="0" speed="0.5"/>
    </ComponentRenderAnimation>
    <ComponentPhysic vx="0" vy ="0" vrot="0" fixrot ="0" bullet="0" bodyType="static" gravityScale="0" linearDamping="0.0" >
      <fixture friction="0.2" restitution="0.0" density="0.05" isSensor="1">
        <circle radius="20" x="0" y="0"/>
      </fixture>
    </ComponentPhysic>
  </goal>
  
</root>
