<!-- Contains the Mapping for to bind a Input Component with-->
<root>
	<mainMenu>
		<keybinding action="shoot" keycode="57"/>
	</mainMenu>
  <player1>
    <keybinding action="shoot" keycode="57"/>
    <keybinding action="down" keycode="18"/>
    <keybinding action="up" keycode="22"/>
    <keybinding action="left" keycode="0"/>
    <keybinding action="right" keycode="3"/>
  </player1>
  <player2>
    <keybinding action="shoot" keycode="11"/>
    <keybinding action="down" keycode="74"/>
    <keybinding action="up" keycode="73"/>
    <keybinding action="left" keycode="71"/>
    <keybinding action="right" keycode="72"/>
  </player2>
</root>