<!-- Tells the Texture Manager where to find a Texture referenced in a Texture Component. May also include texture coordinates-->
<root>
  <texture name="mainMenu" path="backgroundscreen_double_960_menu.png"/>
  <texture name="CharacterAnimations" path="CharacterAnimations.png" smooth="0"/>
  <texture name="PoleAnimation" path="checkpoint_sprites.png" smooth="0"/>
  <texture name="GravityInverter1" path="teleporter.png" smooth="0"/>
  <texture name="GravityInverter2" path="teleporter2.png" smooth="0"/>
  <texture name="Boost" path="jumperAniMap_t.png" smooth="0"/>
	<texture name="ButtonTex" path="Button.png" smooth="0"/>
	<texture name="ButtonTex2" path="Button2.png" smooth="0"/>
	<texture name="credits" path="creditscreen.png" smooth="0"/>
</root>